model,mean_similarity,inference_speed,model_size,TOPSIS Score,Rank
microsoft/DialoGPT-small,0.99994713,0.9719636292882625,0.8552821679641955,1.0,1.0
distilgpt2,0.9997676,0.9055901790600343,0.7443561867502437,0.7820362616785519,2.0
facebook/blenderbot-90M,0.5187686,0.9451248349837945,0.8236841614700267,0.161091005385558,3.0
